{"cameraMode":{"drawMode":0,"name":"Shaded","section":"Shading Mode"},"sceneLighting":true,"audioPlay":false,"sceneViewState":{"showFog":true,"showMaterialUpdate":false,"showSkybox":true,"showFlares":true,"showImageEffects":true,"showParticleSystems":true},"in2DMode":false,"pivot":{"x":1.7912845611572266,"y":6.898769855499268,"z":-39.878448486328128},"rotation":{"x":0.016751594841480256,"y":0.8823859691619873,"z":0.031506434082984927,"w":-0.46917983889579775},"size":10.488306045532227,"orthographic":false}