{"cameraMode":{"drawMode":0,"name":"Shaded","section":"Shading Mode"},"sceneLighting":false,"audioPlay":false,"sceneViewState":{"showFog":true,"showMaterialUpdate":false,"showSkybox":false,"showFlares":true,"showImageEffects":true,"showParticleSystems":true},"in2DMode":false,"pivot":{"x":-3.3083133697509767,"y":3.494256019592285,"z":-36.98231506347656},"rotation":{"x":0.016751594841480256,"y":0.8823859691619873,"z":0.031506434082984927,"w":-0.46917983889579775},"size":14.33562183380127,"orthographic":false}