{"cameraMode":{"drawMode":0,"name":"Shaded","section":"Shading Mode"},"sceneLighting":true,"audioPlay":false,"sceneViewState":{"showFog":true,"showMaterialUpdate":false,"showSkybox":true,"showFlares":true,"showImageEffects":true,"showParticleSystems":true},"in2DMode":false,"pivot":{"x":-3.5172834396362306,"y":0.15939617156982423,"z":-40.09088134765625},"rotation":{"x":-0.21660543978214265,"y":0.2783634066581726,"z":-0.06459363549947739,"w":-0.9335096478462219},"size":19.583080291748048,"orthographic":false}