{"cameraMode":{"drawMode":0,"name":"Shaded","section":"Shading Mode"},"sceneLighting":true,"audioPlay":false,"sceneViewState":{"showFog":true,"showMaterialUpdate":false,"showSkybox":true,"showFlares":true,"showImageEffects":true,"showParticleSystems":true},"in2DMode":false,"pivot":{"x":0.04745638370513916,"y":0.13746002316474915,"z":-0.7997496128082275},"rotation":{"x":0.018744267523288728,"y":-0.677678108215332,"z":0.01728447712957859,"w":0.7349194288253784},"size":0.3143654465675354,"orthographic":false}