{"cameraMode":{"drawMode":0,"name":"Shaded","section":"Shading Mode"},"sceneLighting":true,"audioPlay":false,"sceneViewState":{"showFog":true,"showMaterialUpdate":false,"showSkybox":true,"showFlares":true,"showImageEffects":true,"showParticleSystems":true},"in2DMode":false,"pivot":{"x":27.925296783447267,"y":3.726635456085205,"z":-39.14918518066406},"rotation":{"x":0.030709313228726388,"y":0.45510783791542055,"z":-0.015707341954112054,"w":0.8897708654403687},"size":48.56926345825195,"orthographic":false}